loss,val_loss
0.022427788004279137,0.008355177938938141
0.013415543362498283,0.008307009935379028
0.013348700478672981,0.008328561671078205
0.013284538872539997,0.008345338515937328
0.013275852426886559,0.008186961524188519
0.013254550285637379,0.008107965812087059
0.013214802369475365,0.008216168731451035
0.013169495388865471,0.00810974184423685
0.013101829215884209,0.008216739632189274
0.013029140420258045,0.008223737590014935
0.012951437383890152,0.008109993301331997
